,price,area,bedrooms,bathrooms,stories,mainroad,guestroom,basement,hotwaterheating,airconditioning,parking,prefarea,furnishingstatus
0,7.123851640967086,1.0,4,2,3,1,0,0,0,1,2,1,0
1,7.088136088700551,0.9949864828653723,4,4,4,1,0,0,0,1,3,0,0
2,7.088136088700551,0.9949864828653723,3,2,2,1,0,1,0,0,2,1,1
3,7.086893471309455,0.9948120523109865,4,2,2,1,0,1,0,1,3,1,0
4,7.057285644418215,0.9906558979743387,4,1,2,1,1,1,0,1,2,0,0
5,7.035429738184549,0.9875879078848232,3,3,1,1,0,1,0,1,2,1,1
6,7.006466042249231,0.9835221724659725,4,3,4,1,0,0,0,1,2,1,1
7,7.006466042249231,0.9835221724659725,5,3,2,1,0,0,0,0,0,0,2
8,6.994317152669637,0.981816790294658,4,1,2,1,1,1,0,1,2,1,0
9,6.991226075692495,0.9813828849955406,3,2,4,1,1,0,0,1,1,1,2
10,6.991226075692495,0.9813828849955406,3,1,2,1,0,1,0,1,2,1,0
11,6.9859202201235675,0.9806380834701389,4,3,2,1,1,1,1,0,2,0,1
12,6.968949680981343,0.9782558694660415,4,2,2,1,0,0,0,1,1,1,1
13,6.9656719712201065,0.9777957658695001,4,2,2,1,0,0,1,0,2,0,0
14,6.9656719712201065,0.9777957658695001,3,2,2,1,0,0,0,0,0,1,1
15,6.959041392321094,0.9768650082915513,4,1,2,1,0,1,0,0,2,0,1
16,6.959041392321094,0.9768650082915513,4,2,2,1,1,1,0,1,1,1,2
17,6.952308009662125,0.9759198197898359,3,2,4,1,0,0,0,1,2,0,0
18,6.948901760970213,0.9754416727334986,3,2,2,1,1,0,0,1,2,0,0
19,6.947188565526093,0.9752011854900153,3,2,2,1,0,0,0,1,1,1,1
20,6.942008053022313,0.9744739788095746,3,1,2,1,0,1,1,0,2,0,1
21,6.938519725176492,0.9739843100149914,3,2,1,1,1,1,0,1,2,0,2
22,6.9367649976099415,0.9737379927620522,3,1,1,1,1,1,0,1,1,0,0
23,6.9367649976099415,0.9737379927620522,3,2,2,1,1,1,0,1,1,0,0
24,6.933234128714808,0.9732423523314138,3,2,2,1,0,0,0,1,2,0,0
25,6.931457870689005,0.9729930127725172,4,2,2,1,1,1,0,1,2,1,0
26,6.927524340875029,0.9724408494187275,3,2,4,1,1,1,0,1,0,1,1
27,6.924279286061882,0.9719853297115952,3,1,1,1,0,0,0,0,1,0,1
28,6.924279286061882,0.9719853297115952,5,2,2,1,0,1,1,0,2,0,2
29,6.924279286061882,0.9719853297115952,4,2,2,1,0,1,0,1,1,1,1
30,6.924279286061882,0.9719853297115952,3,2,4,1,0,0,0,1,2,0,2
31,6.924279286061882,0.9719853297115952,3,1,4,1,0,0,0,1,2,0,1
32,6.918816390360379,0.9712184839128861,4,2,2,1,0,0,0,1,1,1,0
33,6.913283901760418,0.9704418691153313,3,3,2,1,1,1,0,0,1,0,2
34,6.909556029241175,0.9699185745961408,5,1,2,1,1,1,0,1,1,0,0
35,6.907461882193941,0.9696246118421734,3,2,4,1,0,0,0,1,2,0,0
36,6.905418068702542,0.9693377145856886,3,2,3,1,0,0,1,0,1,1,0
37,6.90200289135073,0.9688583141820961,4,2,4,1,0,0,0,1,2,0,0
38,6.901049445343407,0.9687244756274244,3,1,4,1,1,0,0,1,2,0,2
39,6.898176483497677,0.9683211879130638,4,2,4,1,0,0,0,1,1,0,1
40,6.896250562461638,0.9680508396333546,3,1,2,1,0,1,0,1,0,1,0
41,6.894316062684439,0.967779287125709,3,2,4,1,0,0,0,1,0,1,0
42,6.886490725172482,0.9666808170976479,3,2,4,1,0,0,0,1,2,0,2
43,6.886490725172482,0.9666808170976479,4,2,4,1,0,0,0,0,2,0,1
44,6.878521795501206,0.9655621905353752,4,2,4,1,0,0,0,1,1,0,0
45,6.878521795501206,0.9655621905353752,3,2,3,1,0,0,0,1,0,0,1
46,6.876506504265881,0.9652792970478499,3,2,4,1,0,0,0,1,1,0,0
47,6.874481817699467,0.9649950847048008,3,1,4,1,0,0,0,1,3,1,0
48,6.872447647789014,0.9647095411515416,3,2,2,1,0,1,0,0,1,0,2
49,6.870403905279027,0.9644226538589661,3,2,1,1,1,1,0,1,0,1,1
50,6.870403905279027,0.9644226538589661,3,2,4,1,0,0,0,0,1,1,2
51,6.870403905279027,0.9644226538589661,3,1,4,1,0,0,0,1,1,0,2
52,6.866287339084195,0.9638447970474684,4,2,4,1,1,0,0,1,1,0,0
53,6.866287339084195,0.9638447970474684,3,2,4,1,0,0,0,1,2,0,1
54,6.866287339084195,0.9638447970474684,3,2,2,1,1,0,0,1,1,0,1
55,6.866287339084195,0.9638447970474684,3,1,2,1,0,0,0,1,1,0,2
56,6.865873528207815,0.9637867089657345,4,1,2,1,0,1,0,0,1,1,1
57,6.860038389807193,0.9629676101558904,4,2,4,1,1,0,0,1,1,1,0
58,6.857935264719429,0.9626723871229359,4,2,4,1,1,0,0,1,1,0,1
59,6.857935264719429,0.9626723871229359,3,2,4,1,1,0,0,1,1,0,0
60,6.853698211776174,0.962077617164661,3,2,2,1,1,0,0,0,1,0,1
61,6.849419413796899,0.9614769873095039,2,1,1,1,0,0,0,1,1,0,1
62,6.849419413796899,0.9614769873095039,4,2,2,1,0,0,0,1,1,0,0
63,6.847264101770764,0.9611744386132705,4,2,3,1,0,0,0,1,2,1,0
64,6.845098040014257,0.960870380939743,3,1,1,1,0,1,0,1,1,1,0
65,6.840733234611807,0.9602576779214278,3,2,2,1,0,1,0,1,1,0,0
66,6.840733234611807,0.9602576779214278,2,1,1,1,0,1,1,0,1,0,0
67,6.838534270511868,0.9599490016307407,3,2,1,1,0,0,0,0,2,0,2
68,6.836324115706752,0.9596387544615821,3,1,1,1,0,0,0,1,1,0,0
69,6.831869774280501,0.9590134829580832,4,2,2,1,0,0,0,0,2,1,0
70,6.831869774280501,0.9590134829580832,3,2,2,1,0,1,0,1,0,1,1
71,6.8296253533580495,0.9586984257340466,4,2,4,1,0,0,0,1,0,0,2
72,6.827369273053825,0.9583817318417636,3,1,4,1,0,0,0,1,0,1,2
73,6.825101411598003,0.9580633841879774,2,2,4,1,0,1,0,0,0,1,0
74,6.8228216453031045,0.9577433654102437,3,1,2,1,0,1,1,0,1,0,0
75,6.8228216453031045,0.9577433654102437,4,2,2,1,0,0,1,0,0,0,1
76,6.8228216453031045,0.9577433654102437,3,2,3,1,0,0,0,1,0,1,0
77,6.8228216453031045,0.9577433654102437,3,2,3,1,0,0,0,1,0,1,0
78,6.8228216453031045,0.9577433654102437,3,1,1,1,1,1,0,1,2,1,0
79,6.8228216453031045,0.9577433654102437,3,2,3,1,1,0,0,1,0,0,0
80,6.82144801901753,0.9575505446785941,3,1,2,1,0,0,1,0,1,1,1
81,6.8205298485235195,0.9574216578712482,3,2,2,1,0,1,0,1,1,0,1
82,6.8205298485235195,0.9574216578712482,3,2,1,1,0,1,0,1,1,1,0
83,6.818225893613955,0.9570982436529741,3,2,4,1,0,0,0,1,0,0,1
84,6.813580988568192,0.9564462220669192,3,1,2,1,0,0,1,0,2,0,1
85,6.813580988568192,0.9564462220669192,3,2,3,1,0,0,0,1,0,0,0
86,6.813580988568192,0.9564462220669192,3,1,3,1,0,1,0,0,0,1,2
87,6.811239772753289,0.9561175774048885,3,1,1,1,0,1,0,0,2,0,1
88,6.811239772753289,0.9561175774048885,3,1,1,1,1,1,0,1,2,1,2
89,6.8088858673598125,0.955787151462279,5,3,2,1,0,0,0,0,2,0,0
90,6.8088858673598125,0.955787151462279,3,1,2,1,0,0,0,1,0,0,1
91,6.807467375684278,0.9555880328187383,2,1,1,1,1,1,0,0,2,1,0
92,6.806519134080705,0.9554549248244449,3,2,4,1,1,0,0,1,0,0,0
93,6.799340549453582,0.954447241763523,3,2,1,1,0,1,0,1,3,0,1
94,6.799340549453582,0.954447241763523,4,2,4,1,0,0,0,0,1,0,1
95,6.799340549453582,0.954447241763523,3,2,3,1,0,0,0,1,2,0,1
96,6.799340549453582,0.954447241763523,3,1,1,1,0,1,0,0,1,1,0
97,6.799340549453582,0.954447241763523,3,1,1,1,1,1,0,1,1,1,1
98,6.798857731747486,0.9543794669514649,3,2,3,1,0,0,0,1,0,1,2
99,6.796921075330169,0.9541076117086943,4,1,3,1,1,1,0,0,0,1,2
100,6.794488046659169,0.9537660789545578,3,2,1,1,0,1,0,1,0,1,2
101,6.794488046659169,0.9537660789545578,3,1,3,1,0,0,0,0,1,1,2
102,6.792041310712082,0.9534226220620788,3,2,4,1,1,0,0,1,1,0,1
103,6.792041310712082,0.9534226220620788,3,2,3,1,1,0,0,1,0,0,0
104,6.792041310712082,0.9534226220620788,3,2,1,1,1,1,0,0,2,1,0
105,6.789580712164425,0.9530772192278162,3,1,4,1,0,0,0,1,0,0,2
106,6.789580712164425,0.9530772192278162,4,2,1,1,0,1,0,1,0,1,1
107,6.78710609303657,0.952729848275616,3,1,3,1,0,1,0,0,0,1,2
108,6.785863475645474,0.9525554177212303,4,1,3,1,0,0,0,0,1,0,1
109,6.784617292632875,0.9523804866480686,4,2,2,1,1,0,1,0,1,0,1
110,6.784617292632875,0.9523804866480686,3,1,1,1,1,1,0,0,2,1,1
111,6.784617292632875,0.9523804866480686,3,1,3,1,0,0,0,1,2,0,2
112,6.784117816462923,0.9523103734291072,6,2,2,1,0,0,0,0,0,0,0
113,6.784117816462923,0.9523103734291072,3,1,1,1,0,1,0,0,2,1,0
114,6.779596491257824,0.9516756991780183,2,1,1,1,1,1,0,0,2,0,0
115,6.779596491257824,0.9516756991780183,3,1,1,1,1,1,0,1,2,1,1
116,6.779596491257824,0.9516756991780183,3,2,1,1,1,1,0,0,0,1,2
117,6.77451696572855,0.9509626683928089,4,1,2,1,1,0,0,1,0,0,0
118,6.77451696572855,0.9509626683928089,3,1,1,1,0,1,0,1,0,1,0
119,6.77451696572855,0.9509626683928089,3,1,1,1,0,1,0,1,2,1,1
120,6.77451696572855,0.9509626683928089,3,1,1,1,1,1,0,0,2,1,0
121,6.77451696572855,0.9509626683928089,3,1,2,1,1,1,0,1,0,1,1
122,6.77451696572855,0.9509626683928089,4,2,1,1,0,1,0,0,1,1,1
123,6.77451696572855,0.9509626683928089,4,2,2,1,0,0,0,0,0,0,0
124,6.77451696572855,0.9509626683928089,3,2,4,1,0,0,0,0,1,0,0
125,6.774005730258209,0.9508909044796751,3,1,1,1,0,0,0,1,2,0,1
126,6.769377326076138,0.9502411991776366,3,1,1,1,0,1,0,0,2,1,2
127,6.769377326076138,0.9502411991776366,3,2,3,1,0,0,0,1,0,0,2
128,6.768860000842957,0.9501685804231688,3,1,3,1,1,0,0,1,1,0,0
129,6.768860000842957,0.9501685804231688,3,1,3,1,0,0,0,0,2,1,1
130,6.768342058644533,0.9500958750631293,3,1,1,1,1,1,0,0,0,0,2
131,6.764176132390331,0.9495110894072567,4,1,4,1,1,0,0,0,0,0,1
132,6.764176132390331,0.9495110894072567,3,1,3,1,0,0,0,1,0,0,1
133,6.764176132390331,0.9495110894072567,3,1,3,1,0,0,0,1,0,0,2
134,6.76365257056453,0.9494375952004445,3,1,1,1,0,1,0,0,2,1,1
135,6.7615519885641815,0.9491427291495754,3,2,4,1,0,0,0,1,0,0,2
136,6.758911892397974,0.9487721296060609,4,2,2,1,0,0,0,1,2,0,2
137,6.758911892397974,0.9487721296060609,4,1,2,1,0,0,0,0,1,0,1
138,6.758911892397974,0.9487721296060609,3,1,3,1,0,0,0,1,0,0,1
139,6.758911892397974,0.9487721296060609,3,1,1,1,1,1,0,1,2,1,0
140,6.758911892397974,0.9487721296060609,3,2,4,1,0,0,0,1,0,0,2
141,6.752240571017397,0.9478356528633096,4,2,2,1,1,1,0,0,1,1,1
142,6.748188027006201,0.9472667830699114,4,2,2,1,0,0,0,0,1,0,1
143,6.748188027006201,0.9472667830699114,5,2,3,0,0,1,1,0,0,0,2
144,6.748188027006201,0.9472667830699114,4,1,2,1,1,1,0,1,1,0,0
145,6.748188027006201,0.9472667830699114,3,1,4,1,0,0,0,0,0,0,0
146,6.748188027006201,0.9472667830699114,2,1,1,1,0,0,0,0,1,0,1
147,6.748188027006201,0.9472667830699114,3,2,2,1,0,0,0,0,1,0,1
148,6.748188027006201,0.9472667830699114,3,1,3,1,0,0,0,0,0,1,1
149,6.748188027006201,0.9472667830699114,4,2,1,1,0,1,0,0,0,1,1
150,6.748188027006201,0.9472667830699114,3,1,2,1,1,1,0,1,0,1,2
151,6.745465168670727,0.9468845659108938,4,1,2,1,0,0,0,1,2,1,1
152,6.745465168670727,0.9468845659108938,5,1,2,1,1,1,0,1,0,1,0
153,6.742725131304698,0.9464999372712023,3,3,2,1,0,1,0,0,0,0,1
154,6.742725131304698,0.9464999372712023,3,2,2,1,0,0,0,0,2,0,1
155,6.742725131304698,0.9464999372712023,3,2,1,1,0,1,0,0,2,1,0
156,6.7421750432236776,0.9464227194810595,3,1,1,1,1,1,0,0,0,1,1
157,6.73996769675951,0.9461128665285535,4,2,2,0,1,1,0,0,1,0,0
158,6.73996769675951,0.9461128665285535,3,1,1,1,0,0,0,0,2,0,1
159,6.737192642704737,0.9457233224736473,3,2,1,1,1,1,0,1,0,0,0
160,6.737192642704737,0.9457233224736473,4,1,4,1,1,0,0,1,0,0,0
161,6.737192642704737,0.9457233224736473,3,1,3,1,1,0,0,1,0,1,1
162,6.737192642704737,0.9457233224736473,4,2,2,1,1,1,0,0,0,1,1
163,6.7343997425205675,0.9453312732950669,3,1,1,1,1,1,0,1,0,1,1
164,6.731588765186738,0.9449366865636892,3,2,2,1,1,1,0,0,1,1,0
165,6.731024379815688,0.944857461812881,3,2,1,1,1,1,1,0,0,0,2
166,6.725911632295048,0.9441397675404122,3,1,1,1,0,1,0,1,2,1,2
167,6.723044991643445,0.9437373671542056,2,2,1,1,0,0,0,1,2,0,1
168,6.720159303405957,0.9433322929916707,4,1,2,1,0,1,0,1,0,0,0
169,6.720159303405957,0.9433322929916707,4,2,2,0,0,0,0,1,0,0,1
170,6.720159303405957,0.9433322929916707,3,2,1,1,0,1,0,0,0,0,1
171,6.720159303405957,0.9433322929916707,3,1,1,1,0,0,0,0,1,1,1
172,6.720159303405957,0.9433322929916707,3,1,2,1,1,1,0,1,2,1,2
173,6.720159303405957,0.9433322929916707,4,2,1,1,0,0,0,1,0,1,2
174,6.720159303405957,0.9433322929916707,3,1,2,1,1,1,0,0,1,1,2
175,6.720159303405957,0.9433322929916707,4,2,2,1,1,0,0,0,2,0,1
176,6.720159303405957,0.9433322929916707,3,1,1,1,0,0,0,1,2,0,0
177,6.719579857713724,0.9432509541708421,3,1,1,1,0,1,0,0,0,1,1
178,6.718418641829656,0.9430879502310366,3,1,1,1,1,1,0,0,2,1,1
179,6.71725431276255,0.9429245092828268,3,2,2,1,0,0,0,0,2,0,1
180,6.71725431276255,0.9429245092828268,4,2,1,0,0,1,0,1,2,0,1
181,6.71725431276255,0.9429245092828268,3,1,2,1,1,1,0,0,1,1,0
182,6.711385379098452,0.9421006665135098,3,1,2,0,0,0,0,1,0,0,1
183,6.711385379098452,0.9421006665135098,3,1,1,1,0,0,0,0,1,1,1
184,6.708420900134713,0.9416845322208343,3,2,2,1,1,1,0,0,0,0,0
185,6.708420900134713,0.9416845322208343,3,1,2,1,0,1,0,0,0,0,2
186,6.708420900134713,0.9416845322208343,2,1,2,1,0,0,0,0,0,1,0
187,6.708420900134713,0.9416845322208343,3,1,1,1,0,1,0,1,0,1,1
188,6.705436046585251,0.9412655378762164,2,1,2,1,0,0,0,1,0,1,2
189,6.702430536445525,0.9408436438936912,2,1,1,0,1,1,0,0,0,0,1
190,6.702430536445525,0.9408436438936912,4,1,2,1,0,0,0,1,2,0,0
191,6.702430536445525,0.9408436438936912,3,1,2,1,1,1,0,0,0,0,1
192,6.702430536445525,0.9408436438936912,3,1,1,1,1,1,0,0,0,1,0
193,6.701826930397139,0.9407589135990688,2,1,1,1,1,1,0,0,0,0,1
194,6.699404081815337,0.9404188098597,3,2,1,1,1,1,0,0,0,0,1
195,6.696356388733332,0.9399909945098577,4,3,2,1,0,1,0,0,2,0,1
196,6.696356388733332,0.9399909945098577,3,1,1,1,1,1,1,0,0,0,1
197,6.695131297704026,0.9398190241922473,3,2,2,0,0,1,0,1,1,0,1
198,6.693287157005655,0.9395601557049018,3,1,2,1,0,0,0,1,0,0,1
199,6.690816057980915,0.9392132788819021,3,1,2,1,0,0,0,0,1,0,0
200,6.690196080028514,0.9391262504057845,3,1,2,1,0,1,0,1,0,0,1
201,6.690196080028514,0.9391262504057845,3,1,2,0,1,1,0,1,0,0,1
202,6.690196080028514,0.9391262504057845,2,1,1,1,0,1,0,0,1,0,1
203,6.690196080028514,0.9391262504057845,4,1,2,1,0,0,0,0,0,0,1
204,6.690196080028514,0.9391262504057845,3,1,1,1,1,1,0,0,0,0,1
205,6.690196080028514,0.9391262504057845,3,1,1,1,0,0,0,1,2,0,1
206,6.690196080028514,0.9391262504057845,2,1,1,1,1,1,0,1,0,0,1
207,6.690196080028514,0.9391262504057845,3,1,2,1,0,1,0,1,0,0,1
208,6.690196080028514,0.9391262504057845,3,1,3,1,0,0,0,0,0,0,1
209,6.690196080028514,0.9391262504057845,3,1,1,1,0,0,0,0,0,0,2
210,6.690196080028514,0.9391262504057845,3,1,2,1,1,1,0,0,2,0,1
211,6.690196080028514,0.9391262504057845,3,1,1,1,0,0,0,0,2,0,0
212,6.689575215759938,0.9390390975143619,4,2,2,1,0,1,0,1,2,0,1
213,6.689575215759938,0.9390390975143619,4,2,1,1,0,1,0,0,0,0,1
214,6.687082844604371,0.9386892346478706,2,1,1,1,0,1,0,0,0,0,2
215,6.683947130751513,0.9382490635142067,3,1,3,1,0,0,0,0,0,0,2
216,6.683947130751513,0.9382490635142067,3,1,1,1,0,0,0,0,2,1,1
217,6.683947130751513,0.9382490635142067,3,1,2,1,0,0,0,1,2,1,0
218,6.683947130751513,0.9382490635142067,2,1,1,1,0,0,0,1,0,1,1
219,6.680788611506682,0.9378056911078153,3,1,2,1,0,1,0,0,0,0,2
220,6.680788611506682,0.9378056911078153,4,1,4,1,0,1,0,1,2,0,1
221,6.678245151927042,0.9374486567803437,4,2,2,1,0,0,0,0,0,0,1
222,6.6776069527204935,0.9373590705229772,2,1,1,1,0,1,0,1,2,0,1
223,6.6776069527204935,0.9373590705229772,3,1,2,1,0,1,0,1,1,0,0
224,6.6776069527204935,0.9373590705229772,2,1,1,1,0,0,0,1,2,1,2
225,6.676967814294758,0.9372693524241247,2,1,1,1,0,0,0,1,3,0,1
226,6.671172842715083,0.9364558919715865,3,1,4,1,0,0,0,1,0,0,1
227,6.671172842715083,0.9364558919715865,2,1,1,1,0,1,0,1,1,0,0
228,6.671172842715083,0.9364558919715865,3,1,2,1,0,0,0,0,2,0,1
229,6.671172842715083,0.9364558919715865,4,2,2,1,1,1,0,0,1,0,1
230,6.671172842715083,0.9364558919715865,2,1,2,1,0,0,0,0,0,1,1
231,6.671172842715083,0.9364558919715865,3,1,1,1,0,0,0,0,0,1,1
232,6.6679196853173615,0.9359992348762852,3,1,2,1,0,1,0,0,0,0,0
233,6.664641975556125,0.9355391312797439,3,1,1,1,1,1,0,1,0,0,2
234,6.664641975556125,0.9355391312797439,3,2,2,1,0,1,0,0,2,0,1
235,6.664641975556125,0.9355391312797439,3,1,2,1,1,0,0,1,1,0,1
236,6.664641975556125,0.9355391312797439,2,1,2,1,1,1,0,0,0,1,1
237,6.664641975556125,0.9355391312797439,3,1,2,1,0,1,0,0,0,0,1
238,6.663983454608267,0.9354466923883903,4,2,2,1,0,1,0,0,0,0,1
239,6.66133934000604,0.9350755287629406,3,1,2,1,0,0,0,0,1,0,0
240,6.66133934000604,0.9350755287629406,3,1,2,1,0,0,0,0,1,1,1
241,6.658011396657113,0.9346083737017952,3,1,1,1,0,0,0,0,2,0,1
242,6.658011396657113,0.9346083737017952,3,1,2,1,0,0,0,1,0,0,0
243,6.658011396657113,0.9346083737017952,3,1,2,1,0,1,0,0,0,0,0
244,6.658011396657113,0.9346083737017952,3,1,2,1,1,1,0,0,0,1,1
245,6.658011396657113,0.9346083737017952,3,1,2,1,0,0,0,0,2,1,2
246,6.658011396657113,0.9346083737017952,3,1,1,1,0,0,0,0,0,1,1
247,6.658011396657113,0.9346083737017952,4,1,4,1,0,0,0,0,3,0,2
248,6.657342736814626,0.9345145115782999,2,2,1,1,1,1,0,0,0,0,1
249,6.657342736814626,0.9345145115782999,4,2,2,1,1,1,0,0,0,1,0
250,6.6546577546495245,0.934137611229946,3,1,3,1,0,0,0,0,0,0,1
251,6.6546577546495245,0.934137611229946,3,1,2,1,0,1,0,0,1,0,1
252,6.6546577546495245,0.934137611229946,3,1,1,1,0,0,0,0,0,0,1
253,6.6546577546495245,0.934137611229946,2,1,2,1,0,0,0,0,0,1,0
254,6.6512780139981444,0.9336631852000797,4,1,2,1,0,0,0,1,2,0,1
255,6.6512780139981444,0.9336631852000797,2,1,1,1,0,0,0,1,1,0,2
256,6.6512780139981444,0.9336631852000797,3,1,2,1,0,0,0,0,2,0,0
257,6.6512780139981444,0.9336631852000797,3,1,1,1,0,0,0,0,0,0,0
258,6.6512780139981444,0.9336631852000797,3,1,2,1,0,0,0,0,1,0,1
259,6.650598898172657,0.9335678553336375,2,1,1,1,0,1,0,1,1,0,0
260,6.650598898172657,0.9335678553336375,3,1,2,1,0,0,0,1,1,0,0
261,6.650598898172657,0.9335678553336375,3,1,2,1,0,0,0,0,0,0,1
262,6.647871765306233,0.9331850381437425,2,1,1,1,1,1,0,0,0,0,1
263,6.644438589467838,0.9327031112295643,3,1,2,0,0,0,0,0,0,0,1
264,6.644438589467838,0.9327031112295643,2,1,2,1,0,1,0,0,0,0,1
265,6.643748685459526,0.9326062669881227,3,1,2,1,0,0,0,0,0,1,1
266,6.643748685459526,0.9326062669881227,3,1,1,1,0,0,0,0,2,1,2
267,6.643748685459526,0.9326062669881227,3,1,2,1,0,0,0,0,1,0,1
268,6.6416723732246865,0.9323148077692222,4,1,2,1,0,0,0,1,0,0,1
269,6.640978057358332,0.9322173442198184,3,1,2,1,0,0,0,0,0,0,2
270,6.63748972951251,0.9317276754252353,3,2,3,1,0,0,1,0,1,0,0
271,6.63748972951251,0.9317276754252353,5,1,2,0,0,1,0,0,0,0,1
272,6.63748972951251,0.9317276754252353,3,1,1,1,1,1,0,0,2,0,1
273,6.63748972951251,0.9317276754252353,4,1,2,1,0,0,0,0,2,0,0
274,6.63748972951251,0.9317276754252353,4,1,2,1,0,0,0,0,0,0,1
275,6.635383204047499,0.9314319750694197,2,1,1,1,0,1,0,0,0,0,0
276,6.633973155789674,0.9312340416579886,2,1,1,1,0,0,0,0,1,0,1
277,6.633973155789674,0.9312340416579886,2,1,1,1,0,0,0,0,1,1,1
278,6.631139250256811,0.9308362364150262,3,1,2,1,0,1,0,0,2,1,1
279,6.630427875025024,0.930736378182761,2,1,1,1,0,0,0,0,0,0,0
280,6.630427875025024,0.930736378182761,2,1,2,1,0,0,0,0,0,0,2
281,6.630427875025024,0.930736378182761,2,1,1,1,0,0,0,1,2,0,0
282,6.630427875025024,0.930736378182761,3,1,2,0,1,1,0,1,0,0,2
283,6.630427875025024,0.930736378182761,4,1,2,1,0,0,0,0,0,0,0
284,6.630427875025024,0.930736378182761,2,1,1,1,0,0,0,0,1,0,0
285,6.6268534146667255,0.9302346186657965,3,1,2,1,1,0,0,0,0,0,1
286,6.6268534146667255,0.9302346186657965,3,1,1,1,0,1,0,0,0,1,0
287,6.623249290397901,0.9297286951218391,3,1,2,1,0,0,0,1,0,0,2
288,6.623249290397901,0.9297286951218391,3,1,2,1,0,1,0,1,0,0,2
289,6.623249290397901,0.9297286951218391,2,1,1,1,1,1,0,0,2,0,1
290,6.623249290397901,0.9297286951218391,4,3,2,0,0,0,0,0,0,0,1
291,6.623249290397901,0.9297286951218391,3,1,2,1,0,1,0,1,0,0,2
292,6.623249290397901,0.9297286951218391,4,2,2,0,0,0,0,0,0,0,1
293,6.623249290397901,0.9297286951218391,2,1,1,0,0,0,0,0,1,0,2
294,6.623249290397901,0.9297286951218391,4,2,2,0,0,0,0,0,0,0,1
295,6.623249290397901,0.9297286951218391,3,1,2,0,0,0,0,0,0,0,1
296,6.623249290397901,0.9297286951218391,3,2,2,1,0,0,0,1,1,0,1
297,6.623249290397901,0.9297286951218391,3,2,2,1,0,1,0,0,0,0,2
298,6.623249290397901,0.9297286951218391,3,1,1,1,0,0,1,0,2,0,1
299,6.623249290397901,0.9297286951218391,3,1,1,1,0,0,0,0,3,0,0
300,6.623249290397901,0.9297286951218391,3,1,3,1,0,0,0,0,0,0,1
301,6.623249290397901,0.9297286951218391,3,1,2,1,0,0,0,0,0,1,1
302,6.623249290397901,0.9297286951218391,3,1,3,1,0,0,0,0,1,1,2
303,6.623249290397901,0.9297286951218391,3,1,1,1,0,1,0,0,0,0,0
304,6.622524862403568,0.9296270046275893,3,1,1,1,0,1,0,0,3,0,1
305,6.622524862403568,0.9296270046275893,3,1,2,1,0,0,0,0,1,0,1
306,6.619615005742807,0.9292185378588503,3,1,2,1,0,0,0,0,1,0,1
307,6.619615005742807,0.9292185378588503,3,1,2,1,0,0,0,0,2,0,1
308,6.619615005742807,0.9292185378588503,3,1,2,1,0,1,0,0,1,0,1
309,6.615950051656401,0.9287040754203949,4,1,2,1,0,0,0,1,0,0,1
310,6.615950051656401,0.9287040754203949,3,1,1,1,0,1,0,0,0,0,1
311,6.615213334801359,0.9286006598957361,2,1,1,1,0,1,0,0,1,0,1
312,6.612624939422639,0.9282373177727987,3,1,1,1,0,1,0,1,0,1,0
313,6.612253906096437,0.928185234525575,3,2,2,1,0,0,0,0,0,0,1
314,6.612253906096437,0.928185234525575,2,1,2,1,0,0,0,0,1,0,1
315,6.612253906096437,0.928185234525575,2,1,1,1,0,0,0,1,0,0,1
316,6.608526033577194,0.9276619400063847,4,2,2,0,0,1,0,0,1,0,2
317,6.608526033577194,0.9276619400063847,3,2,2,1,0,0,0,0,2,0,2
318,6.608526033577194,0.9276619400063847,3,1,1,1,0,0,0,0,0,0,1
319,6.608526033577194,0.9276619400063847,4,1,3,1,0,1,0,1,2,0,1
320,6.608526033577194,0.9276619400063847,3,1,2,1,0,0,0,0,2,1,0
321,6.6047658847038875,0.9271341147423544,3,2,2,1,0,0,1,0,2,0,1
322,6.6047658847038875,0.9271341147423544,3,2,1,1,0,1,0,1,1,0,0
323,6.6047658847038875,0.9271341147423544,3,1,1,1,0,0,0,0,3,0,1
324,6.602873531026183,0.9268684784302753,3,1,2,0,0,1,0,1,0,0,1
325,6.602873531026183,0.9268684784302753,4,1,2,1,0,0,0,1,0,0,1
326,6.600972895686748,0.9266016795923399,4,1,1,0,0,1,0,0,0,0,2
327,6.600972895686748,0.9266016795923399,3,1,2,0,0,0,0,1,1,0,1
328,6.600972895686748,0.9266016795923399,3,2,2,0,0,1,0,1,0,0,1
329,6.600972895686748,0.9266016795923399,3,1,2,1,0,0,0,0,0,0,0
330,6.600972895686748,0.9266016795923399,2,1,2,1,1,1,0,0,0,1,2
331,6.593286067020458,0.9255226525359529,3,2,1,1,1,1,0,0,3,0,0
332,6.593286067020458,0.9255226525359529,4,1,2,1,1,1,0,0,0,0,1
333,6.593286067020458,0.9255226525359529,3,1,2,1,0,0,0,0,0,0,1
334,6.593286067020458,0.9255226525359529,2,1,1,1,0,0,1,0,1,0,0
335,6.593286067020458,0.9255226525359529,2,1,1,1,0,1,0,1,2,0,0
336,6.593286067020458,0.9255226525359529,3,1,1,1,0,0,0,1,2,0,1
337,6.593286067020458,0.9255226525359529,4,2,1,1,0,1,0,0,0,1,2
338,6.589391023136933,0.9249758915869846,2,1,2,1,1,1,0,0,0,0,1
339,6.589391023136933,0.9249758915869846,4,2,2,1,0,0,0,0,0,0,0
340,6.585460729508501,0.9244241825078917,5,2,2,1,0,0,0,0,0,0,1
341,6.585460729508501,0.9244241825078917,2,2,1,1,0,1,0,0,2,0,1
342,6.585460729508501,0.9244241825078917,3,1,2,1,0,0,0,1,0,0,0
343,6.585460729508501,0.9244241825078917,2,1,1,1,0,0,0,0,0,0,1
344,6.585460729508501,0.9244241825078917,2,1,1,1,0,0,0,0,0,0,1
345,6.585460729508501,0.9244241825078917,3,1,2,1,0,1,0,0,0,1,1
346,6.585460729508501,0.9244241825078917,2,1,2,1,1,0,0,0,0,1,1
347,6.583878598498626,0.9242020932379837,3,1,2,1,0,0,0,0,0,0,2
348,6.5814945422908995,0.9238674349200007,2,2,1,0,0,1,0,0,0,0,1
349,6.577491799837225,0.9233055559456189,3,1,2,1,0,0,0,0,0,0,1
350,6.577491799837225,0.9233055559456189,2,1,2,1,0,0,1,0,1,0,1
351,6.577491799837225,0.9233055559456189,2,1,1,1,0,0,0,0,0,0,1
352,6.577491799837225,0.9233055559456189,2,1,1,1,0,0,0,0,2,0,2
353,6.577491799837225,0.9233055559456189,3,1,3,1,0,0,0,0,0,1,0
354,6.577491799837225,0.9233055559456189,2,1,1,1,0,0,0,0,1,0,0
355,6.576686805200995,0.9231925560297307,3,1,1,1,0,0,0,0,2,0,0
356,6.576686805200995,0.9231925560297307,5,2,1,0,0,1,0,1,1,0,0
357,6.576686805200995,0.9231925560297307,4,1,2,0,0,0,0,0,1,0,0
358,6.573451822035485,0.9227384501150445,2,1,1,1,0,0,0,0,0,1,1
359,6.569373909615046,0.9221660192692099,3,1,1,1,0,0,0,0,1,0,2
360,6.569373909615046,0.9221660192692099,2,1,1,1,0,0,0,0,0,0,1
361,6.569373909615046,0.9221660192692099,3,1,1,1,0,0,0,0,0,0,1
362,6.569373909615046,0.9221660192692099,2,1,1,1,0,0,0,0,0,0,0
363,6.569373909615046,0.9221660192692099,2,1,1,1,0,0,1,0,0,0,1
364,6.568553712049442,0.9220508852648902,3,1,2,0,0,1,1,0,0,0,1
365,6.568553712049442,0.9220508852648902,2,1,1,1,0,0,0,0,0,0,0
366,6.565257343420214,0.9215881624577121,2,1,1,1,0,1,0,0,0,0,0
367,6.565257343420214,0.9215881624577121,2,1,1,1,0,0,0,1,0,0,2
368,6.565257343420214,0.9215881624577121,2,1,1,0,0,0,0,0,0,0,1
369,6.565257343420214,0.9215881624577121,2,1,1,1,0,0,0,0,0,0,0
370,6.561101383649056,0.9210047758319635,2,1,1,1,0,0,0,1,2,0,1
371,6.561101383649056,0.9210047758319635,3,1,2,1,0,1,0,0,0,0,1
372,6.561101383649056,0.9210047758319635,3,1,2,0,0,1,0,0,0,0,1
373,6.561101383649056,0.9210047758319635,2,1,2,1,0,0,0,1,0,0,0
374,6.561101383649056,0.9210047758319635,2,2,1,1,0,1,0,0,0,0,1
375,6.561101383649056,0.9210047758319635,3,1,2,1,1,1,0,0,0,0,2
376,6.561101383649056,0.9210047758319635,3,2,2,1,0,0,0,0,2,0,1
377,6.561101383649056,0.9210047758319635,3,2,2,0,0,1,0,0,0,1,2
378,6.561101383649056,0.9210047758319635,3,1,3,1,0,0,1,1,0,1,1
379,6.560265397862715,0.9208874255798142,3,1,1,1,0,0,0,0,2,1,2
380,6.556905269055448,0.9204157525331798,2,1,1,1,0,0,0,0,0,0,1
381,6.556905269055448,0.9204157525331798,2,1,1,1,0,0,0,0,0,1,1
382,6.552668216112194,0.919820982574905,3,1,2,1,0,1,0,0,0,0,0
383,6.552668216112194,0.919820982574905,4,2,2,1,0,1,0,0,2,0,0
384,6.552668216112194,0.919820982574905,2,1,1,0,0,0,0,0,0,0,0
385,6.552668216112194,0.919820982574905,2,1,1,1,0,0,0,0,0,0,2
386,6.548389418132918,0.9192203527197477,3,1,1,1,0,0,0,0,2,0,2
387,6.544068044350276,0.9186137463499868,3,1,2,1,0,0,0,1,0,0,1
388,6.544068044350276,0.9186137463499868,3,1,2,1,0,0,0,0,0,0,2
389,6.544068044350276,0.9186137463499868,4,1,2,1,0,0,0,0,0,0,1
390,6.544068044350276,0.9186137463499868,3,2,2,0,0,0,0,0,0,0,2
391,6.544068044350276,0.9186137463499868,3,1,2,1,0,1,0,0,0,0,1
392,6.544068044350276,0.9186137463499868,3,1,2,1,0,0,0,0,0,0,1
393,6.544068044350276,0.9186137463499868,3,1,1,0,0,0,0,0,0,0,2
394,6.544068044350276,0.9186137463499868,3,1,1,0,0,0,0,1,0,0,2
395,6.544068044350276,0.9186137463499868,6,1,2,1,0,0,0,0,1,0,2
396,6.544068044350276,0.9186137463499868,2,1,1,1,0,0,0,0,1,0,1
397,6.544068044350276,0.9186137463499868,2,1,1,1,0,0,0,0,1,0,0
398,6.544068044350276,0.9186137463499868,3,1,2,1,0,0,0,0,1,0,2
399,6.544068044350276,0.9186137463499868,2,1,1,1,0,0,0,0,1,0,1
400,6.544068044350276,0.9186137463499868,2,1,1,1,0,0,0,0,1,1,2
401,6.544068044350276,0.9186137463499868,3,1,2,1,0,0,0,0,3,1,2
402,6.544068044350276,0.9186137463499868,2,1,1,1,0,0,0,0,0,0,2
403,6.544068044350276,0.9186137463499868,3,1,1,1,0,0,0,0,0,0,2
404,6.543198585637647,0.9184916973859645,3,1,2,0,0,0,0,0,0,0,2
405,6.539703238947825,0.9180010433316715,3,1,1,1,0,0,0,0,0,0,2
406,6.539703238947825,0.9180010433316715,2,1,1,1,0,0,0,0,1,1,2
407,6.539703238947825,0.9180010433316715,3,1,3,1,0,0,0,0,0,1,0
408,6.535294120042771,0.9173821198718259,2,1,1,1,0,0,0,0,0,0,2
409,6.535294120042771,0.9173821198718259,2,1,1,1,0,0,0,0,2,0,2
410,6.535294120042771,0.9173821198718259,3,1,1,1,0,0,0,0,0,0,2
411,6.535294120042771,0.9173821198718259,3,1,3,1,0,0,0,0,0,1,0
412,6.535294120042771,0.9173821198718259,3,1,2,1,0,1,0,0,0,1,2
413,6.535294120042771,0.9173821198718259,3,2,2,1,0,1,0,0,0,1,2
414,6.534406899137877,0.9172575775666785,2,1,1,1,0,0,0,0,0,0,2
415,6.530839778616521,0.916756848368327,3,1,2,1,1,1,0,1,1,0,0
416,6.530839778616521,0.916756848368327,3,1,1,1,0,1,0,0,2,0,2
417,6.530839778616521,0.916756848368327,2,1,1,1,0,0,0,0,0,0,0
418,6.526339277389844,0.9161250972520073,4,1,2,1,0,0,0,1,2,0,2
419,6.526339277389844,0.9161250972520073,4,1,3,0,0,0,0,0,0,0,1
420,6.526339277389844,0.9161250972520073,2,1,2,1,0,0,0,0,0,0,2
421,6.526339277389844,0.9161250972520073,2,1,1,1,0,0,0,0,0,0,2
422,6.526339277389844,0.9161250972520073,2,1,1,0,0,0,0,1,0,0,2
423,6.526339277389844,0.9161250972520073,3,1,1,1,0,0,0,0,0,0,2
424,6.526339277389844,0.9161250972520073,3,1,2,0,0,1,0,0,0,0,1
425,6.526339277389844,0.9161250972520073,2,1,1,1,0,1,0,0,2,0,0
426,6.52543355342882,0.91599795760808,3,1,1,0,0,0,0,0,0,0,0
427,6.52270499273475,0.9156149399890186,3,1,2,1,0,1,0,0,0,1,0
428,6.521791649639123,0.9154867308204876,2,1,1,1,0,0,0,0,1,0,2
429,6.521791649639123,0.9154867308204876,4,1,2,1,0,0,0,0,0,0,2
430,6.517195897949974,0.9148416090632179,2,1,1,0,0,0,0,1,0,0,2
431,6.517195897949974,0.9148416090632179,4,1,2,1,0,1,0,1,0,0,2
432,6.517195897949974,0.9148416090632179,3,1,1,1,1,1,0,0,0,0,0
433,6.517195897949974,0.9148416090632179,4,1,2,0,0,0,0,0,1,0,1
434,6.517195897949974,0.9148416090632179,4,1,2,1,0,0,0,0,0,0,1
435,6.517195897949974,0.9148416090632179,2,1,1,1,0,0,0,0,0,0,2
436,6.517195897949974,0.9148416090632179,3,1,2,1,0,1,0,0,0,1,0
437,6.517195897949974,0.9148416090632179,3,1,1,1,0,0,0,0,1,0,2
438,6.5125509929042105,0.914189587477163,2,1,1,0,0,0,0,0,0,0,1
439,6.5125509929042105,0.914189587477163,2,1,1,0,0,0,0,0,0,0,2
440,6.509740015570382,0.9137950007457853,4,1,2,1,0,1,0,0,0,0,2
441,6.507855871695831,0.9135305168725227,3,1,2,1,0,0,0,0,0,0,2
442,6.507855871695831,0.9135305168725227,2,1,1,1,0,0,0,1,1,0,2
443,6.507855871695831,0.9135305168725227,3,1,1,0,0,0,0,0,1,0,2
444,6.507855871695831,0.9135305168725227,3,1,2,0,0,0,0,0,0,0,0
445,6.498310553789601,0.9121906071737668,1,1,1,1,0,0,0,0,0,0,0
446,6.498310553789601,0.9121906071737668,2,2,1,0,1,1,0,0,1,0,2
447,6.498310553789601,0.9121906071737668,2,1,1,0,0,1,0,0,0,0,1
448,6.498310553789601,0.9121906071737668,2,1,1,1,0,0,0,0,2,0,1
449,6.498310553789601,0.9121906071737668,3,1,2,0,0,1,0,0,0,0,2
450,6.498310553789601,0.9121906071737668,3,1,2,1,0,1,0,0,0,0,1
451,6.498310553789601,0.9121906071737668,2,1,1,1,0,0,0,0,0,0,1
452,6.498310553789601,0.9121906071737668,3,1,2,1,0,0,0,0,2,0,1
453,6.498310553789601,0.9121906071737668,2,1,1,1,0,0,0,0,1,0,2
454,6.49734438101758,0.9120549821185698,3,1,2,1,0,0,0,1,0,0,2
455,6.4954055631461936,0.9117828234649229,3,1,1,1,0,1,0,0,0,0,2
456,6.4939944880181875,0.9115847459081288,3,1,1,1,0,0,0,0,0,1,1
457,6.493458050995188,0.9115094443648015,3,1,1,0,0,0,0,1,0,0,2
458,6.493458050995188,0.9115094443648015,3,1,2,1,0,0,0,0,0,0,2
459,6.493458050995188,0.9115094443648015,2,1,1,1,0,0,0,0,0,0,2
460,6.489536629482095,0.9109589806956058,2,1,1,1,0,0,0,0,1,0,2
461,6.488550716500444,0.9108205846380599,2,1,1,1,0,1,0,1,0,0,2
462,6.488550716500444,0.9108205846380599,3,1,2,0,0,1,0,0,0,0,1
463,6.488550716500444,0.9108205846380599,2,1,1,1,1,1,0,0,0,0,2
464,6.488550716500444,0.9108205846380599,2,1,2,1,0,0,1,0,1,0,1
465,6.483587296968894,0.9101238520583124,2,1,1,1,0,0,0,0,0,0,2
466,6.478566495593843,0.909419064588262,3,1,2,0,0,0,0,0,0,0,1
467,6.478566495593843,0.909419064588262,3,1,2,1,0,0,0,0,2,0,1
468,6.478566495593843,0.909419064588262,2,1,1,1,0,0,0,0,0,0,1
469,6.478566495593843,0.909419064588262,2,1,1,1,0,0,0,0,0,0,0
470,6.478566495593843,0.909419064588262,3,1,1,0,0,0,0,0,0,0,2
471,6.478566495593843,0.909419064588262,3,1,2,1,0,0,0,0,0,0,2
472,6.478566495593843,0.909419064588262,4,1,2,1,0,0,0,0,3,0,1
473,6.477555332198981,0.9092771240417961,2,1,1,1,0,0,0,0,0,0,2
474,6.4734869700645685,0.9087060338030526,4,1,2,0,0,0,0,0,1,0,2
475,6.471438407389299,0.9084184698869979,2,1,2,1,0,0,0,0,0,0,1
476,6.468347330412158,0.9079845645878806,3,1,2,1,0,1,0,0,1,0,2
477,6.468347330412158,0.9079845645878806,2,1,1,1,0,0,0,0,0,0,2
478,6.468347330412158,0.9079845645878806,3,1,2,0,0,0,0,0,1,0,2
479,6.468347330412158,0.9079845645878806,4,1,2,0,0,0,0,0,0,0,2
480,6.468347330412158,0.9079845645878806,3,1,2,0,0,0,0,0,1,0,1
481,6.468347330412158,0.9079845645878806,2,1,1,0,0,0,0,0,0,0,0
482,6.468347330412158,0.9079845645878806,3,1,2,0,0,0,0,0,0,0,2
483,6.468347330412158,0.9079845645878806,3,1,2,1,0,0,0,0,0,0,1
484,6.457881896733992,0.9065154950163047,2,1,1,0,0,0,0,0,0,0,2
485,6.457881896733992,0.9065154950163047,2,1,1,1,0,0,0,0,0,0,2
486,6.457881896733992,0.9065154950163047,2,1,1,1,0,0,0,0,0,0,1
487,6.457881896733992,0.9065154950163047,4,1,2,1,0,0,0,0,0,0,2
488,6.4552256530902525,0.9061426287948263,4,1,3,1,0,0,0,0,0,0,2
489,6.452553063228925,0.9057674679975467,3,1,2,0,0,0,0,0,1,0,1
490,6.452553063228925,0.9057674679975467,3,1,2,0,0,0,1,0,1,0,2
491,6.452553063228925,0.9057674679975467,2,1,1,0,0,0,0,0,1,0,0
492,6.447158031342219,0.9050101484801552,3,1,2,1,0,1,0,0,1,0,2
493,6.447158031342219,0.9050101484801552,3,1,1,1,0,0,0,0,0,0,0
494,6.4361626470407565,0.9034666878838913,2,1,1,1,0,0,0,0,0,0,2
495,6.4361626470407565,0.9034666878838913,3,1,2,1,0,0,0,0,1,0,2
496,6.430558769522757,0.902680051973933,2,1,1,1,0,0,0,0,0,0,2
497,6.424881636631067,0.901883132950656,2,1,1,1,0,0,0,0,0,0,2
498,6.424881636631067,0.901883132950656,2,1,2,1,0,0,0,0,0,0,1
499,6.424881636631067,0.901883132950656,3,3,2,0,1,0,0,0,0,0,2
500,6.424881636631067,0.901883132950656,3,1,1,1,0,0,0,0,0,0,2
501,6.424881636631067,0.901883132950656,3,1,1,0,0,0,0,0,0,0,2
502,6.424881636631067,0.901883132950656,2,1,1,1,0,0,0,0,1,0,1
503,6.424881636631067,0.901883132950656,3,1,1,1,0,0,0,0,0,0,1
504,6.423737249982329,0.9017224913895436,2,1,1,1,0,0,0,1,0,0,2
505,6.423737249982329,0.9017224913895436,3,1,2,1,0,0,0,1,0,0,2
506,6.415640979896154,0.9005859896073314,2,1,1,0,0,0,0,0,0,0,2
507,6.413299764081252,0.9002573449453006,2,1,1,1,0,0,0,0,0,0,2
508,6.413299764081252,0.9002573449453006,2,1,1,1,0,0,0,0,0,0,2
509,6.413299764081252,0.9002573449453006,2,2,2,1,0,1,0,0,1,0,0
510,6.401400540781544,0.8985870093039351,3,1,1,0,0,0,0,0,0,0,2
511,6.401400540781544,0.8985870093039351,3,1,1,0,0,0,0,0,0,0,2
512,6.401400540781544,0.8985870093039351,2,1,2,1,0,0,0,0,0,0,0
513,6.395326393069351,0.8977343599201014,3,1,2,1,0,0,0,0,0,0,2
514,6.395326393069351,0.8977343599201014,3,1,2,0,0,0,0,0,0,0,1
515,6.389166084364533,0.8968696158160282,3,1,2,1,0,1,0,0,0,0,2
516,6.389166084364533,0.8968696158160282,2,1,1,0,1,0,0,0,1,0,2
517,6.389166084364533,0.8968696158160282,2,1,1,1,0,0,0,0,1,0,2
518,6.389166084364533,0.8968696158160282,2,1,1,1,1,0,0,0,0,0,2
519,6.389166084364533,0.8968696158160282,2,1,2,1,0,0,0,0,0,0,2
520,6.389166084364533,0.8968696158160282,2,1,1,1,0,0,0,0,0,0,2
521,6.381656482585787,0.8958154667184305,2,1,1,0,0,0,0,0,0,0,2
522,6.376576957056512,0.895102435933221,3,1,2,1,0,0,0,0,0,0,0
523,6.376576957056512,0.895102435933221,4,2,2,1,0,0,0,0,0,0,0
524,6.376576957056512,0.895102435933221,2,1,1,1,0,0,0,0,0,0,2
525,6.370142847051102,0.8941992573818304,2,1,1,1,0,0,0,0,0,0,2
526,6.363611979892144,0.8932824966899877,2,1,1,1,0,0,0,0,0,0,2
527,6.356981400993131,0.8923517391120389,2,1,1,0,0,1,0,0,0,0,1
528,6.356981400993131,0.8923517391120389,1,1,1,0,0,0,0,0,0,0,2
529,6.356981400993131,0.8923517391120389,3,1,2,1,0,1,0,0,0,0,2
530,6.350248018334163,0.8914065506103236,3,1,1,0,0,0,1,0,0,0,2
531,6.348888723071438,0.8912157415745334,3,1,1,0,0,0,0,1,0,1,2
532,6.329397879361043,0.8884797435930047,2,1,1,0,0,0,0,0,0,0,2
533,6.3222192947339195,0.8874720605320828,3,1,2,1,0,0,0,0,0,0,2
534,6.3222192947339195,0.8874720605320828,4,1,2,1,0,0,0,0,0,0,2
535,6.3222192947339195,0.8874720605320828,2,1,1,1,0,0,0,0,1,0,2
536,6.292256071356476,0.8832660179461966,5,1,2,0,0,0,0,0,0,0,2
537,6.276461804173244,0.8810489213558628,3,1,2,1,0,0,0,0,0,0,2
538,6.276461804173244,0.8810489213558628,2,1,1,1,0,0,0,0,0,0,2
539,6.268343913951065,0.8799093846794537,2,1,1,0,0,0,0,0,1,0,2
540,6.260071387985075,0.8787481412422073,2,1,1,1,0,1,0,0,2,0,2
541,6.247273415045762,0.8769516449668335,3,1,1,0,0,0,0,0,0,0,1
542,6.243038048686294,0.8763571117602306,2,1,1,1,0,0,0,0,0,0,2
543,6.243038048686294,0.8763571117602306,3,1,1,0,0,0,0,0,0,0,0
544,6.243038048686294,0.8763571117602306,3,1,2,1,0,0,0,0,0,0,2
